evaluation,n_samples,precision,recall,f1,TN,FP,FN,TP
v3 synthetic (5-fold CV),4000,0.9994997498749375,0.999,0.9992498124531133,1999,1,2,1998
OOD real pairs,497,0.0,0.0,0.0,493,3,1,0
