model,F1,AUC-ROC,Precision,Recall
Logistic Regression,0.9982521847690387,0.99998325,0.9970074812967581,0.9995
Random Forest,0.9982478097622027,0.99999625,0.9994987468671679,0.997
XGBoost,0.999000499750125,0.99999725,0.9985014985014985,0.9995
