model,F1,AUC-ROC,Precision,Recall
Logistic Regression,0.9972520609542843,0.99996825,0.9965052421367948,0.998
Random Forest,0.9987503124218945,0.9999897499999999,0.9985007496251874,0.999
XGBoost,0.9975012493753124,0.9999762500000001,0.997002997002997,0.998
